Date,Garden,Early Tassel Development,Tassel Development,Tasseling,Silk Development,Silking,Ear Development,Season,Variety,Acc_FGDD
2009-05-20T00:00:00Z,CDG,0.0,0.0,0.0,0.0,0.0,0.0,2009,Hopi Blue,21.96
2009-05-20T00:00:00Z,KUG,0.0,0.0,0.0,0.0,0.0,0.0,2009,Hopi Sweet,21.96
2009-05-20T00:00:00Z,PHG,0.0,0.0,0.0,0.0,0.0,0.0,2009,Hopi White,21.96
2009-05-20T00:00:00Z,PLC,0.0,0.0,0.0,0.0,0.0,0.0,2009,Kokoma,21.96
2009-05-20T00:00:00Z,POG,0.0,0.0,0.0,0.0,0.0,0.0,2009,Greasy-head,21.96
2009-06-12T00:00:00Z,CDG,0.0,0.0,0.0,0.0,0.0,0.0,2009,Hopi Blue,313.47
2009-06-12T00:00:00Z,KUG,0.0,0.0,0.0,0.0,0.0,0.0,2009,Hopi Sweet,313.47
2009-06-12T00:00:00Z,PHG,0.0,0.0,0.0,0.0,0.0,0.0,2009,Hopi White,313.47
2009-06-12T00:00:00Z,PLC,0.0,0.0,0.0,0.0,0.0,0.0,2009,Kokoma,313.47
2009-06-12T00:00:00Z,POG,0.0,0.0,0.0,0.0,0.0,0.0,2009,Greasy-head,313.47
2009-06-19T00:00:00Z,CDG,0.0,0.0,0.0,0.0,0.0,0.0,2009,Hopi Blue,407.97
2009-06-19T00:00:00Z,KUG,0.0,0.0,0.0,0.0,0.0,0.0,2009,Hopi Sweet,407.97
2009-06-19T00:00:00Z,PHG,0.0,0.0,0.0,0.0,0.0,0.0,2009,Hopi White,407.97
2009-06-19T00:00:00Z,PLC,0.0,0.0,0.0,0.0,0.0,0.0,2009,Kokoma,407.97
2009-06-19T00:00:00Z,POG,0.0,0.0,0.0,0.0,0.0,0.0,2009,Greasy-head,407.97
2009-06-25T00:00:00Z,PHG,0.0,0.0,0.0,0.0,0.0,0.0,2009,Hopi White,509.49
2009-06-25T00:00:00Z,POG,0.0,0.0,0.0,0.0,0.0,0.0,2009,Greasy-head,509.49
2009-06-26T00:00:00Z,CDG,0.0,0.0,0.0,0.0,0.0,0.0,2009,Hopi Blue,532.98
2009-06-26T00:00:00Z,KUG,0.0,0.0,0.0,0.0,0.0,0.0,2009,Hopi Sweet,532.98
2009-06-26T00:00:00Z,PLC,0.0,0.0,0.0,0.0,0.0,0.0,2009,Kokoma,532.98
2009-07-03T00:00:00Z,CDG,0.0,0.0,0.0,0.0,0.0,0.0,2009,Hopi Blue,656.01
2009-07-03T00:00:00Z,KUG,0.0,0.0,0.0,0.0,0.0,0.0,2009,Hopi Sweet,656.01
2009-07-03T00:00:00Z,PHG,0.0,0.0,0.0,0.0,0.0,0.0,2009,Hopi White,656.01
2009-07-03T00:00:00Z,PLC,0.0,0.0,0.0,0.0,0.0,0.0,2009,Kokoma,656.01
2009-07-03T00:00:00Z,POG,0.0,0.0,0.0,0.0,0.0,0.0,2009,Greasy-head,656.01
2009-07-10T00:00:00Z,CDG,0.0,0.0,0.0,0.0,0.0,0.0,2009,Hopi Blue,794.52
2009-07-10T00:00:00Z,KUG,0.0,0.0,0.0,0.0,0.0,0.0,2009,Hopi Sweet,794.52
2009-07-10T00:00:00Z,PHG,0.0,0.0,0.0,0.0,0.0,0.0,2009,Hopi White,794.52
2009-07-10T00:00:00Z,PLC,0.0,0.0,0.0,0.0,0.0,0.0,2009,Kokoma,794.52
2009-07-10T00:00:00Z,POG,0.0,0.0,0.0,0.0,0.0,0.0,2009,Greasy-head,794.52
2009-07-17T00:00:00Z,CDG,0.0,0.0,0.0,0.0,0.0,0.0,2009,Hopi Blue,945.0
2009-07-17T00:00:00Z,KUG,0.0,0.0,0.0,0.0,0.0,0.0,2009,Hopi Sweet,945.0
2009-07-17T00:00:00Z,PHG,0.0,0.0,0.0,0.0,0.0,0.0,2009,Hopi White,945.0
2009-07-17T00:00:00Z,PLC,0.0,0.0,0.0,0.0,0.0,0.0,2009,Kokoma,945.0
2009-07-17T00:00:00Z,POG,0.0,0.0,0.0,0.0,0.0,0.0,2009,Greasy-head,945.0
2009-07-20T00:00:00Z,POG,0.0,0.0,0.0,0.0,0.0,0.0,2009,Greasy-head,1008.9000000000001
2009-07-24T00:00:00Z,CDG,0.2571428571428571,0.14285714285714285,0.0,0.0,0.0,0.0,2009,Hopi Blue,1097.3700000000001
2009-07-24T00:00:00Z,KUG,0.0,0.0,0.0,0.0,0.0,0.0,2009,Hopi Sweet,1097.3700000000001
2009-07-24T00:00:00Z,PHG,0.0,0.0,0.0,0.0,0.0,0.0,2009,Hopi White,1097.3700000000001
2009-07-24T00:00:00Z,PLC,0.0625,0.0,0.0,0.0,0.0,0.0,2009,Kokoma,1097.3700000000001
2009-07-24T00:00:00Z,POG,0.25,0.0,0.0,0.0,0.0,0.0,2009,Greasy-head,1097.3700000000001
2009-07-31T00:00:00Z,CDG,0.5428571428571428,0.2571428571428571,0.02857142857142857,0.02857142857142857,0.0,0.0,2009,Hopi Blue,1247.31
2009-07-31T00:00:00Z,KUG,0.0,0.0,0.0,0.0,0.0,0.0,2009,Hopi Sweet,1247.31
2009-07-31T00:00:00Z,PHG,0.0,0.0,0.0,0.0,0.0,0.0,2009,Hopi White,1247.31
2009-07-31T00:00:00Z,PLC,0.0625,0.0625,0.03125,0.03125,0.0,0.0,2009,Kokoma,1247.31
2009-07-31T00:00:00Z,POG,0.5714285714285714,0.42857142857142855,0.03571428571428571,0.0,0.0,0.0,2009,Greasy-head,1247.31
2009-08-06T00:00:00Z,CDG,0.7142857142857143,0.45714285714285713,0.34285714285714286,0.2857142857142857,0.11428571428571428,0.0,2009,Hopi Blue,1348.8300000000002
2009-08-06T00:00:00Z,KUG,0.016129032258064516,0.0,0.0,0.0,0.0,0.0,2009,Hopi Sweet,1348.8300000000002
2009-08-06T00:00:00Z,PLC,0.0625,0.0625,0.0625,0.03125,0.0,0.0,2009,Kokoma,1348.8300000000002
2009-08-06T00:00:00Z,POG,0.8928571428571429,0.5,0.25,0.14285714285714285,0.0,0.0,2009,Greasy-head,1348.8300000000002
2009-08-14T00:00:00Z,CDG,0.7428571428571429,0.6,0.5142857142857142,0.4,0.34285714285714286,0.02857142857142857,2009,Hopi Blue,1507.8600000000001
2009-08-14T00:00:00Z,KUG,0.016129032258064516,0.0,0.0,0.0,0.0,0.0,2009,Hopi Sweet,1507.8600000000001
2009-08-14T00:00:00Z,PHG,0.17391304347826086,0.0,0.0,0.0,0.0,0.0,2009,Hopi White,1507.8600000000001
2009-08-14T00:00:00Z,PLC,0.0625,0.0625,0.0625,0.0625,0.0625,0.0,2009,Kokoma,1507.8600000000001
2009-08-14T00:00:00Z,POG,0.9285714285714286,0.8214285714285714,0.5357142857142857,0.5357142857142857,0.39285714285714285,0.0,2009,Greasy-head,1507.8600000000001
2009-08-16T00:00:00Z,PHG,0.17391304347826086,0.0,0.0,0.0,0.0,0.0,2009,Hopi White,1547.3700000000001
2009-08-21T00:00:00Z,PHG,0.17391304347826086,0.13043478260869565,0.0,0.0,0.0,0.0,2009,Hopi White,1636.29
2009-08-21T00:00:00Z,PLC,0.0625,0.0625,0.0625,0.0625,0.0625,0.0625,2009,Kokoma,1636.29
2009-08-21T00:00:00Z,POG,0.9285714285714286,0.9285714285714286,0.7142857142857143,0.5714285714285714,0.42857142857142855,0.2857142857142857,2009,Greasy-head,1636.29
2009-08-24T00:00:00Z,CDG,0.7714285714285715,0.7142857142857143,0.6857142857142857,0.5142857142857142,0.42857142857142855,0.34285714285714286,2009,Hopi Blue,1700.28
2009-08-25T00:00:00Z,KUG,0.03225806451612903,0.016129032258064516,0.016129032258064516,0.0,0.0,0.0,2009,Hopi Sweet,1722.24
2009-08-28T00:00:00Z,CDG,0.7714285714285715,0.7142857142857143,0.7142857142857143,0.5428571428571428,0.4857142857142857,0.42857142857142855,2009,Hopi Blue,1771.29
2009-08-28T00:00:00Z,KUG,0.03225806451612903,0.016129032258064516,0.016129032258064516,0.016129032258064516,0.0,0.0,2009,Hopi Sweet,1771.29
2009-08-28T00:00:00Z,PHG,0.34782608695652173,0.17391304347826086,0.17391304347826086,0.0,0.0,0.0,2009,Hopi White,1771.29
2009-09-01T00:00:00Z,PLC,0.0625,0.0625,0.0625,0.0625,0.0625,0.0625,2009,Kokoma,1786.9725
2009-09-01T00:00:00Z,POG,0.9642857142857143,0.9642857142857143,0.9285714285714286,0.9285714285714286,0.8214285714285714,0.5357142857142857,2009,Greasy-head,1786.9725
2009-09-04T00:00:00Z,CDG,0.8571428571428571,0.7428571428571429,0.7428571428571429,0.6,0.5428571428571428,0.4857142857142857,2009,Hopi Blue,1850.5125
2009-09-04T00:00:00Z,PLC,0.0625,0.0625,0.0625,0.0625,0.0625,0.0625,2009,Kokoma,1850.5125
2009-09-04T00:00:00Z,POG,0.9642857142857143,0.9642857142857143,0.9285714285714286,0.9285714285714286,0.9285714285714286,0.6428571428571429,2009,Greasy-head,1850.5125
2009-09-11T00:00:00Z,CDG,0.8571428571428571,0.7714285714285715,0.7428571428571429,0.6571428571428571,0.6285714285714286,0.5142857142857142,2009,Hopi Blue,1979.5725
2009-09-14T00:00:00Z,KUG,0.06451612903225806,0.03225806451612903,0.03225806451612903,0.03225806451612903,0.016129032258064516,0.016129032258064516,2009,Hopi Sweet,2030.6025
2009-09-14T00:00:00Z,PHG,0.6956521739130435,0.391304347826087,0.34782608695652173,0.043478260869565216,0.043478260869565216,0.043478260869565216,2009,Hopi White,2030.6025
2009-09-14T00:00:00Z,PLC,0.0625,0.0625,0.0625,0.0625,0.0625,0.0625,2009,Kokoma,2030.6025
2009-09-14T00:00:00Z,POG,0.9642857142857143,0.9642857142857143,0.9642857142857143,0.9642857142857143,0.9285714285714286,0.9285714285714286,2009,Greasy-head,2030.6025
2009-09-18T00:00:00Z,CDG,0.8571428571428571,0.8571428571428571,0.7428571428571429,0.6857142857142857,0.6285714285714286,0.5428571428571428,2009,Hopi Blue,2092.2525
2009-09-18T00:00:00Z,KUG,0.06451612903225806,0.04838709677419355,0.03225806451612903,0.03225806451612903,0.016129032258064516,0.016129032258064516,2009,Hopi Sweet,2092.2525
2009-09-18T00:00:00Z,PHG,0.6956521739130435,0.391304347826087,0.34782608695652173,0.08695652173913043,0.043478260869565216,0.043478260869565216,2009,Hopi White,2092.2525
2009-09-18T00:00:00Z,PLC,0.0625,0.0625,0.0625,0.0625,0.0625,0.0625,2009,Kokoma,2092.2525
2009-09-18T00:00:00Z,POG,0.9642857142857143,0.9642857142857143,0.9642857142857143,0.9642857142857143,0.9285714285714286,0.9285714285714286,2009,Greasy-head,2092.2525
2009-09-24T00:00:00Z,POG,0.9642857142857143,0.9642857142857143,0.9642857142857143,0.9642857142857143,0.9285714285714286,0.9285714285714286,2009,Greasy-head,2158.7625000000003
2009-09-25T00:00:00Z,CDG,0.8571428571428571,0.8571428571428571,0.7428571428571429,0.6857142857142857,0.6285714285714286,0.5428571428571428,2009,Hopi Blue,2169.7425000000003
2009-09-25T00:00:00Z,KUG,0.08064516129032258,0.08064516129032258,0.04838709677419355,0.04838709677419355,0.03225806451612903,0.03225806451612903,2009,Hopi Sweet,2169.7425000000003
2009-09-25T00:00:00Z,PLC,0.0625,0.0625,0.0625,0.0625,0.0625,0.0625,2009,Kokoma,2169.7425000000003
2010-05-20T00:00:00Z,CDG,0.0,0.0,0.0,0.0,0.0,0.0,2010,Hopi White,8.459999999999999
2010-05-20T00:00:00Z,KUG,0.0,0.0,0.0,0.0,0.0,0.0,2010,Hopi Blue,8.459999999999999
2010-05-20T00:00:00Z,PHG,0.0,0.0,0.0,0.0,0.0,0.0,2010,Hopi White,8.459999999999999
2010-05-20T00:00:00Z,PLC,0.0,0.0,0.0,0.0,0.0,0.0,2010,Greasy-head & Hopi Blue,8.459999999999999
2010-05-20T00:00:00Z,POG,0.0,0.0,0.0,0.0,0.0,0.0,2010,Greasy-head,8.459999999999999
2010-06-11T00:00:00Z,CDG,0.0,0.0,0.0,0.0,0.0,0.0,2010,Hopi White,339.03000000000003
2010-06-11T00:00:00Z,PHG,0.0,0.0,0.0,0.0,0.0,0.0,2010,Hopi White,339.03000000000003
2010-06-11T00:00:00Z,PLC,0.0,0.0,0.0,0.0,0.0,0.0,2010,Greasy-head & Hopi Blue,339.03000000000003
2010-06-11T00:00:00Z,POG,0.0,0.0,0.0,0.0,0.0,0.0,2010,Greasy-head,339.03000000000003
2010-06-18T00:00:00Z,CDG,0.0,0.0,0.0,0.0,0.0,0.0,2010,Hopi White,433.71000000000004
2010-06-18T00:00:00Z,KUG,0.0,0.0,0.0,0.0,0.0,0.0,2010,Hopi Blue,433.71000000000004
2010-06-18T00:00:00Z,PHG,0.0,0.0,0.0,0.0,0.0,0.0,2010,Hopi White,433.71000000000004
2010-06-18T00:00:00Z,PLC,0.0,0.0,0.0,0.0,0.0,0.0,2010,Greasy-head & Hopi Blue,433.71000000000004
2010-06-18T00:00:00Z,POG,0.0,0.0,0.0,0.0,0.0,0.0,2010,Greasy-head,433.71000000000004
2010-06-25T00:00:00Z,CDG,0.0,0.0,0.0,0.0,0.0,0.0,2010,Hopi White,557.73
2010-06-25T00:00:00Z,KUG,0.0,0.0,0.0,0.0,0.0,0.0,2010,Hopi Blue,557.73
2010-06-25T00:00:00Z,PHG,0.0,0.0,0.0,0.0,0.0,0.0,2010,Hopi White,557.73
2010-06-25T00:00:00Z,PLC,0.0,0.0,0.0,0.0,0.0,0.0,2010,Greasy-head & Hopi Blue,557.73
2010-06-25T00:00:00Z,POG,0.0,0.0,0.0,0.0,0.0,0.0,2010,Greasy-head,557.73
2010-07-02T00:00:00Z,CDG,0.0,0.0,0.0,0.0,0.0,0.0,2010,Hopi White,684.8100000000001
2010-07-02T00:00:00Z,KUG,0.0,0.0,0.0,0.0,0.0,0.0,2010,Hopi Blue,684.8100000000001
2010-07-02T00:00:00Z,PHG,0.0,0.0,0.0,0.0,0.0,0.0,2010,Hopi White,684.8100000000001
2010-07-02T00:00:00Z,PLC,0.0,0.0,0.0,0.0,0.0,0.0,2010,Greasy-head & Hopi Blue,684.8100000000001
2010-07-02T00:00:00Z,POG,0.0,0.0,0.0,0.0,0.0,0.0,2010,Greasy-head,684.8100000000001
2010-07-09T00:00:00Z,CDG,0.0,0.0,0.0,0.0,0.0,0.0,2010,Hopi White,824.76
2010-07-09T00:00:00Z,KUG,0.0,0.0,0.0,0.0,0.0,0.0,2010,Hopi Blue,824.76
2010-07-09T00:00:00Z,PHG,0.0,0.0,0.0,0.0,0.0,0.0,2010,Hopi White,824.76
2010-07-09T00:00:00Z,PLC,0.0,0.0,0.0,0.0,0.0,0.0,2010,Greasy-head & Hopi Blue,824.76
2010-07-09T00:00:00Z,POG,0.0,0.0,0.0,0.0,0.0,0.0,2010,Greasy-head,824.76
2010-07-15T00:00:00Z,CDG,0.0,0.0,0.0,0.0,0.0,0.0,2010,Hopi White,952.2900000000001
2010-07-15T00:00:00Z,KUG,0.0,0.0,0.0,0.0,0.0,0.0,2010,Hopi Blue,952.2900000000001
2010-07-15T00:00:00Z,PHG,0.0,0.0,0.0,0.0,0.0,0.0,2010,Hopi White,952.2900000000001
2010-07-15T00:00:00Z,PLC,0.0,0.0,0.0,0.0,0.0,0.0,2010,Greasy-head & Hopi Blue,952.2900000000001
2010-07-15T00:00:00Z,POG,0.0,0.0,0.0,0.0,0.0,0.0,2010,Greasy-head,952.2900000000001
2010-07-23T00:00:00Z,CDG,0.5384615384615384,0.15384615384615385,0.0,0.0,0.0,0.0,2010,Hopi White,1134.45
2010-07-23T00:00:00Z,KUG,0.06493506493506493,0.0,0.0,0.0,0.0,0.0,2010,Hopi Blue,1134.45
2010-07-23T00:00:00Z,PHG,0.06666666666666667,0.03333333333333333,0.0,0.0,0.0,0.0,2010,Hopi White,1134.45
2010-07-23T00:00:00Z,PLC,0.21052631578947367,0.10526315789473684,0.0,0.0,0.0,0.0,2010,Greasy-head & Hopi Blue,1134.45
2010-07-23T00:00:00Z,POG,0.06451612903225806,0.0,0.0,0.0,0.0,0.0,2010,Greasy-head,1134.45
2010-07-30T00:00:00Z,CDG,1.0,0.8846153846153846,0.4230769230769231,0.4230769230769231,0.038461538461538464,0.0,2010,Hopi White,1288.44
2010-07-30T00:00:00Z,KUG,0.4155844155844156,0.12987012987012986,0.012987012987012988,0.0,0.0,0.0,2010,Hopi Blue,1288.44
2010-07-30T00:00:00Z,PHG,0.5333333333333333,0.3333333333333333,0.13333333333333333,0.03333333333333333,0.0,0.0,2010,Hopi White,1288.44
2010-07-30T00:00:00Z,PLC,0.6052631578947368,0.5,0.13157894736842105,0.13157894736842105,0.0,0.0,2010,Greasy-head & Hopi Blue,1288.44
2010-07-30T00:00:00Z,POG,0.4666666666666667,0.26666666666666666,0.03333333333333333,0.03333333333333333,0.0,0.0,2010,Greasy-head,1288.44
2010-08-05T00:00:00Z,CDG,1.0,1.0,1.0,1.0,0.46153846153846156,0.0,2010,Hopi White,1391.4
2010-08-05T00:00:00Z,PLC,0.8421052631578947,0.6578947368421053,0.5,0.5,0.15789473684210525,0.0,2010,Greasy-head & Hopi Blue,1391.4
2010-08-05T00:00:00Z,POG,0.6666666666666666,0.5666666666666667,0.26666666666666666,0.26666666666666666,0.06666666666666667,0.0,2010,Greasy-head,1391.4
2010-08-06T00:00:00Z,KUG,0.8051948051948052,0.5194805194805194,0.18181818181818182,0.15584415584415584,0.0,0.0,2010,Hopi Blue,1413.3600000000001
2010-08-06T00:00:00Z,PHG,0.8333333333333334,0.6666666666666666,0.5,0.4666666666666667,0.3,0.0,2010,Hopi White,1413.3600000000001
2010-08-12T00:00:00Z,CDG,1.0,1.0,1.0,1.0,1.0,0.0,2010,Hopi White,1530.27
2010-08-19T00:00:00Z,KUG,0.9090909090909091,0.8441558441558441,0.8441558441558441,0.8181818181818182,0.5194805194805194,0.1038961038961039,2010,Hopi Blue,1670.67
2010-08-19T00:00:00Z,PHG,0.9333333333333333,0.9333333333333333,0.9333333333333333,0.8333333333333334,0.7333333333333333,0.36666666666666664,2010,Hopi White,1670.67
2010-08-20T00:00:00Z,CDG,1.0,1.0,1.0,1.0,1.0,0.6538461538461539,2010,Hopi White,1693.17
2010-08-20T00:00:00Z,PLC,0.8947368421052632,0.8947368421052632,0.8947368421052632,0.8157894736842105,0.7631578947368421,0.23684210526315788,2010,Greasy-head & Hopi Blue,1693.17
2010-08-20T00:00:00Z,POG,0.9333333333333333,0.9333333333333333,0.9,0.8666666666666667,0.7333333333333333,0.1,2010,Greasy-head,1693.17
2010-08-26T00:00:00Z,CDG,1.0,1.0,1.0,1.0,1.0,1.0,2010,Hopi White,1809.0
2010-08-26T00:00:00Z,KUG,0.9090909090909091,0.8831168831168831,0.8571428571428571,0.8181818181818182,0.7142857142857143,0.5584415584415584,2010,Hopi Blue,1809.0
2010-08-26T00:00:00Z,PHG,0.9333333333333333,0.9333333333333333,0.9333333333333333,0.8333333333333334,0.7666666666666667,0.6333333333333333,2010,Hopi White,1809.0
2010-08-26T00:00:00Z,PLC,0.9736842105263158,0.9210526315789473,0.9210526315789473,0.8421052631578947,0.8157894736842105,0.631578947368421,2010,Greasy-head & Hopi Blue,1809.0
2010-08-26T00:00:00Z,POG,0.9666666666666667,0.9333333333333333,0.9333333333333333,0.9333333333333333,0.8666666666666667,0.6333333333333333,2010,Greasy-head,1809.0
2010-09-09T00:00:00Z,CDG,1.0,1.0,1.0,1.0,1.0,1.0,2010,Hopi White,2039.13
2010-09-09T00:00:00Z,KUG,0.935064935064935,0.9090909090909091,0.9090909090909091,0.8571428571428571,0.8181818181818182,0.6753246753246753,2010,Hopi Blue,2039.13
2010-09-09T00:00:00Z,PHG,1.0,0.9666666666666667,0.9666666666666667,0.8333333333333334,0.7666666666666667,0.7,2010,Hopi White,2039.13
2010-09-09T00:00:00Z,PLC,1.0,0.9736842105263158,0.9736842105263158,0.868421052631579,0.8157894736842105,0.7105263157894737,2010,Greasy-head & Hopi Blue,2039.13
2010-09-09T00:00:00Z,POG,0.9666666666666667,0.9666666666666667,0.9666666666666667,0.9666666666666667,0.9666666666666667,0.8666666666666667,2010,Greasy-head,2039.13
2010-09-16T00:00:00Z,CDG,1.0,1.0,1.0,1.0,1.0,1.0,2010,Hopi White,2144.1600000000003
2010-09-16T00:00:00Z,KUG,0.948051948051948,0.935064935064935,0.935064935064935,0.8571428571428571,0.8181818181818182,0.7792207792207793,2010,Hopi Blue,2144.1600000000003
2010-09-16T00:00:00Z,PHG,1.0,1.0,1.0,0.8666666666666667,0.8333333333333334,0.7666666666666667,2010,Hopi White,2144.1600000000003
2010-09-16T00:00:00Z,PLC,1.0,1.0,1.0,0.868421052631579,0.8157894736842105,0.7368421052631579,2010,Greasy-head & Hopi Blue,2144.1600000000003
2010-09-16T00:00:00Z,POG,0.9666666666666667,0.9666666666666667,0.9666666666666667,0.9666666666666667,0.9666666666666667,0.9666666666666667,2010,Greasy-head,2144.1600000000003
2011-05-19T00:00:00Z,CDG,0.0,0.0,0.0,0.0,0.0,0.0,2011,Hopi White,7.470000000000001
2011-05-19T00:00:00Z,KUG,0.0,0.0,0.0,0.0,0.0,0.0,2011,Hopi Blue,7.470000000000001
2011-05-19T00:00:00Z,PHG,0.0,0.0,0.0,0.0,0.0,0.0,2011,Qotsa qao,7.470000000000001
2011-05-19T00:00:00Z,PLC,0.0,0.0,0.0,0.0,0.0,0.0,2011,Hopi Blue,7.470000000000001
2011-05-19T00:00:00Z,POG,0.0,0.0,0.0,0.0,0.0,0.0,2011,Hopi White,7.470000000000001
2011-06-14T00:00:00Z,CDG,0.0,0.0,0.0,0.0,0.0,0.0,2011,Hopi White,341.01
2011-06-14T00:00:00Z,KUG,0.0,0.0,0.0,0.0,0.0,0.0,2011,Hopi Blue,341.01
2011-06-14T00:00:00Z,PHG,0.0,0.0,0.0,0.0,0.0,0.0,2011,Qotsa qao,341.01
2011-06-14T00:00:00Z,POG,0.0,0.0,0.0,0.0,0.0,0.0,2011,Hopi White,341.01
2011-06-16T00:00:00Z,PLC,0.0,0.0,0.0,0.0,0.0,0.0,2011,Hopi Blue,373.95
2011-06-23T00:00:00Z,CDG,0.0,0.0,0.0,0.0,0.0,0.0,2011,Hopi White,490.59000000000003
2011-06-23T00:00:00Z,PLC,0.0,0.0,0.0,0.0,0.0,0.0,2011,Hopi Blue,490.59000000000003
2011-06-23T00:00:00Z,POG,0.0,0.0,0.0,0.0,0.0,0.0,2011,Hopi White,490.59000000000003
2011-06-24T00:00:00Z,KUG,0.0,0.0,0.0,0.0,0.0,0.0,2011,Hopi Blue,508.59000000000003
2011-06-24T00:00:00Z,PHG,0.0,0.0,0.0,0.0,0.0,0.0,2011,Qotsa qao,508.59000000000003
2011-07-01T00:00:00Z,CDG,0.0,0.0,0.0,0.0,0.0,0.0,2011,Hopi White,628.65
2011-07-01T00:00:00Z,KUG,0.0,0.0,0.0,0.0,0.0,0.0,2011,Hopi Blue,628.65
2011-07-01T00:00:00Z,PHG,0.0,0.0,0.0,0.0,0.0,0.0,2011,Qotsa qao,628.65
2011-07-01T00:00:00Z,PLC,0.0,0.0,0.0,0.0,0.0,0.0,2011,Hopi Blue,628.65
2011-07-01T00:00:00Z,POG,0.0,0.0,0.0,0.0,0.0,0.0,2011,Hopi White,628.65
2011-07-08T00:00:00Z,CDG,0.0,0.0,0.0,0.0,0.0,0.0,2011,Hopi White,788.6700000000001
2011-07-08T00:00:00Z,KUG,0.0,0.0,0.0,0.0,0.0,0.0,2011,Hopi Blue,788.6700000000001
2011-07-08T00:00:00Z,PHG,0.0,0.0,0.0,0.0,0.0,0.0,2011,Qotsa qao,788.6700000000001
2011-07-08T00:00:00Z,PLC,0.0,0.0,0.0,0.0,0.0,0.0,2011,Hopi Blue,788.6700000000001
2011-07-08T00:00:00Z,POG,0.0,0.0,0.0,0.0,0.0,0.0,2011,Hopi White,788.6700000000001
2011-07-14T00:00:00Z,CDG,0.0,0.0,0.0,0.0,0.0,0.0,2011,Hopi White,921.24
2011-07-14T00:00:00Z,KUG,0.0,0.0,0.0,0.0,0.0,0.0,2011,Hopi Blue,921.24
2011-07-14T00:00:00Z,PHG,0.0,0.0,0.0,0.0,0.0,0.0,2011,Qotsa qao,921.24
2011-07-14T00:00:00Z,PLC,0.0,0.0,0.0,0.0,0.0,0.0,2011,Hopi Blue,921.24
2011-07-14T00:00:00Z,POG,0.0,0.0,0.0,0.0,0.0,0.0,2011,Hopi White,921.24
2011-07-21T00:00:00Z,CDG,0.038461538461538464,0.0,0.0,0.0,0.0,0.0,2011,Hopi White,1077.21
2011-07-21T00:00:00Z,KUG,0.0,0.0,0.0,0.0,0.0,0.0,2011,Hopi Blue,1077.21
2011-07-21T00:00:00Z,PHG,0.0,0.0,0.0,0.0,0.0,0.0,2011,Qotsa qao,1077.21
2011-07-21T00:00:00Z,PLC,0.05128205128205128,0.0,0.0,0.0,0.0,0.0,2011,Hopi Blue,1077.21
2011-07-21T00:00:00Z,POG,0.0,0.0,0.0,0.0,0.0,0.0,2011,Hopi White,1077.21
2011-07-28T00:00:00Z,CDG,0.5384615384615384,0.3076923076923077,0.0,0.0,0.0,0.0,2011,Hopi White,1230.21
2011-07-28T00:00:00Z,KUG,0.05555555555555555,0.027777777777777776,0.027777777777777776,0.0,0.0,0.0,2011,Hopi Blue,1230.21
2011-07-28T00:00:00Z,PHG,0.0,0.0,0.0,0.0,0.0,0.0,2011,Qotsa qao,1230.21
2011-07-28T00:00:00Z,PLC,0.15384615384615385,0.02564102564102564,0.0,0.0,0.0,0.0,2011,Hopi Blue,1230.21
2011-07-28T00:00:00Z,POG,0.23076923076923078,0.038461538461538464,0.0,0.0,0.0,0.0,2011,Hopi White,1230.21
2011-08-04T00:00:00Z,CDG,0.7307692307692307,0.6153846153846154,0.3076923076923077,0.2692307692307692,0.11538461538461539,0.0,2011,Hopi White,1360.71
2011-08-04T00:00:00Z,KUG,0.4722222222222222,0.2777777777777778,0.05555555555555555,0.027777777777777776,0.027777777777777776,0.0,2011,Hopi Blue,1360.71
2011-08-04T00:00:00Z,PHG,0.04,0.04,0.04,0.0,0.0,0.0,2011,Qotsa qao,1360.71
2011-08-04T00:00:00Z,PLC,0.3076923076923077,0.23076923076923078,0.10256410256410256,0.0,0.0,0.0,2011,Hopi Blue,1360.71
2011-08-04T00:00:00Z,POG,0.38461538461538464,0.34615384615384615,0.038461538461538464,0.0,0.0,0.0,2011,Hopi White,1360.71
2011-08-11T00:00:00Z,CDG,0.7307692307692307,0.6923076923076923,0.5769230769230769,0.38461538461538464,0.3076923076923077,0.0,2011,Hopi White,1501.2
2011-08-11T00:00:00Z,KUG,0.5555555555555556,0.4722222222222222,0.4444444444444444,0.05555555555555555,0.05555555555555555,0.0,2011,Hopi Blue,1501.2
2011-08-11T00:00:00Z,PHG,0.08,0.08,0.04,0.0,0.0,0.0,2011,Qotsa qao,1501.2
2011-08-11T00:00:00Z,PLC,0.3076923076923077,0.23076923076923078,0.23076923076923078,0.05128205128205128,0.05128205128205128,0.0,2011,Hopi Blue,1501.2
2011-08-11T00:00:00Z,POG,0.7692307692307693,0.6153846153846154,0.38461538461538464,0.19230769230769232,0.07692307692307693,0.0,2011,Hopi White,1501.2
2011-08-18T00:00:00Z,CDG,0.7692307692307693,0.7307692307692307,0.6923076923076923,0.5769230769230769,0.5769230769230769,0.0,2011,Hopi White,1652.22
2011-08-18T00:00:00Z,KUG,0.6388888888888888,0.6388888888888888,0.6111111111111112,0.25,0.2222222222222222,0.027777777777777776,2011,Hopi Blue,1652.22
2011-08-18T00:00:00Z,PHG,0.08,0.08,0.08,0.04,0.04,0.0,2011,Qotsa qao,1652.22
2011-08-18T00:00:00Z,PLC,0.3333333333333333,0.3076923076923077,0.3076923076923077,0.10256410256410256,0.07692307692307693,0.0,2011,Hopi Blue,1652.22
2011-08-18T00:00:00Z,POG,0.9615384615384616,0.8846153846153846,0.7692307692307693,0.5384615384615384,0.4230769230769231,0.0,2011,Hopi White,1652.22
2011-08-25T00:00:00Z,CDG,0.7692307692307693,0.7307692307692307,0.7307692307692307,0.6538461538461539,0.6153846153846154,0.23076923076923078,2011,Hopi White,1802.7
2011-08-25T00:00:00Z,KUG,0.6388888888888888,0.6388888888888888,0.6388888888888888,0.3888888888888889,0.3888888888888889,0.027777777777777776,2011,Hopi Blue,1802.7
2011-08-25T00:00:00Z,PHG,0.08,0.08,0.08,0.04,0.04,0.0,2011,Qotsa qao,1802.7
2011-08-25T00:00:00Z,PLC,0.358974358974359,0.358974358974359,0.358974358974359,0.1282051282051282,0.10256410256410256,0.0,2011,Hopi Blue,1802.7
2011-08-25T00:00:00Z,POG,1.0,1.0,0.8461538461538461,0.8076923076923077,0.6923076923076923,0.0,2011,Hopi White,1802.7
2011-09-02T00:00:00Z,CDG,0.7692307692307693,0.7307692307692307,0.7307692307692307,0.6538461538461539,0.6538461538461539,0.5,2011,Hopi White,1955.6100000000001
2011-09-02T00:00:00Z,KUG,0.6666666666666666,0.6666666666666666,0.6666666666666666,0.5277777777777778,0.5,0.05555555555555555,2011,Hopi Blue,1955.6100000000001
2011-09-02T00:00:00Z,PHG,0.08,0.08,0.08,0.04,0.04,0.0,2011,Qotsa qao,1955.6100000000001
2011-09-02T00:00:00Z,PLC,0.38461538461538464,0.38461538461538464,0.38461538461538464,0.15384615384615385,0.1282051282051282,0.02564102564102564,2011,Hopi Blue,1955.6100000000001
2011-09-02T00:00:00Z,POG,1.0,1.0,1.0,0.8846153846153846,0.8461538461538461,0.15384615384615385,2011,Hopi White,1955.6100000000001
2011-09-08T00:00:00Z,CDG,0.7692307692307693,0.7307692307692307,0.7307692307692307,0.6923076923076923,0.6923076923076923,0.5769230769230769,2011,Hopi White,2072.7000000000003
2011-09-08T00:00:00Z,KUG,0.6666666666666666,0.6666666666666666,0.6666666666666666,0.5833333333333334,0.5833333333333334,0.3611111111111111,2011,Hopi Blue,2072.7000000000003
2011-09-08T00:00:00Z,PHG,0.08,0.08,0.08,0.04,0.04,0.0,2011,Qotsa qao,2072.7000000000003
2011-09-08T00:00:00Z,PLC,0.41025641025641024,0.41025641025641024,0.38461538461538464,0.15384615384615385,0.1282051282051282,0.02564102564102564,2011,Hopi Blue,2072.7000000000003
2011-09-08T00:00:00Z,POG,1.0,1.0,1.0,1.0,1.0,0.38461538461538464,2011,Hopi White,2072.7000000000003
2011-09-16T00:00:00Z,CDG,0.7692307692307693,0.7307692307692307,0.7307692307692307,0.6923076923076923,0.6923076923076923,0.5769230769230769,2011,Hopi White,2181.2400000000002
2011-09-16T00:00:00Z,KUG,0.6666666666666666,0.6666666666666666,0.6666666666666666,0.5833333333333334,0.5833333333333334,0.4444444444444444,2011,Hopi Blue,2181.2400000000002
2011-09-16T00:00:00Z,PLC,0.41025641025641024,0.41025641025641024,0.38461538461538464,0.15384615384615385,0.1282051282051282,0.02564102564102564,2011,Hopi Blue,2181.2400000000002
2011-09-16T00:00:00Z,POG,1.0,1.0,1.0,1.0,1.0,0.7692307692307693,2011,Hopi White,2181.2400000000002
2011-09-22T00:00:00Z,POG,1.0,1.0,1.0,1.0,1.0,1.0,2011,Hopi White,2253.2400000000002
2012-05-17T00:00:00Z,CDG,0.0,0.0,0.0,0.0,0.0,0.0,2012,Hopi White,18.990000000000002
2012-05-17T00:00:00Z,KUG,0.0,0.0,0.0,0.0,0.0,0.0,2012,Hopi Blue,18.990000000000002
2012-05-17T00:00:00Z,PHG,0.0,0.0,0.0,0.0,0.0,0.0,2012,Hopi White,18.990000000000002
2012-05-17T00:00:00Z,PLC,0.0,0.0,0.0,0.0,0.0,0.0,2012,Hopi Blue,18.990000000000002
2012-05-17T00:00:00Z,POG,0.0,0.0,0.0,0.0,0.0,0.0,2012,Hopi White,18.990000000000002
2012-06-13T00:00:00Z,CDG,0.0,0.0,0.0,0.0,0.0,0.0,2012,Hopi White,452.79
2012-06-13T00:00:00Z,KUG,0.0,0.0,0.0,0.0,0.0,0.0,2012,Hopi Blue,452.79
2012-06-13T00:00:00Z,PHG,0.0,0.0,0.0,0.0,0.0,0.0,2012,Hopi White,452.79
2012-06-13T00:00:00Z,PLC,0.0,0.0,0.0,0.0,0.0,0.0,2012,Hopi Blue,452.79
2012-06-13T00:00:00Z,POG,0.0,0.0,0.0,0.0,0.0,0.0,2012,Hopi White,452.79
2012-06-21T00:00:00Z,CDG,0.0,0.0,0.0,0.0,0.0,0.0,2012,Hopi White,598.32
2012-06-21T00:00:00Z,KUG,0.0,0.0,0.0,0.0,0.0,0.0,2012,Hopi Blue,598.32
2012-06-21T00:00:00Z,PHG,0.0,0.0,0.0,0.0,0.0,0.0,2012,Hopi White,598.32
2012-06-21T00:00:00Z,PLC,0.0,0.0,0.0,0.0,0.0,0.0,2012,Hopi Blue,598.32
2012-06-21T00:00:00Z,POG,0.0,0.0,0.0,0.0,0.0,0.0,2012,Hopi White,598.32
2012-06-29T00:00:00Z,CDG,0.0,0.0,0.0,0.0,0.0,0.0,2012,Hopi White,777.33
2012-06-29T00:00:00Z,KUG,0.0,0.0,0.0,0.0,0.0,0.0,2012,Hopi Blue,777.33
2012-06-29T00:00:00Z,PHG,0.0,0.0,0.0,0.0,0.0,0.0,2012,Hopi White,777.33
2012-06-29T00:00:00Z,PLC,0.0,0.0,0.0,0.0,0.0,0.0,2012,Hopi Blue,777.33
2012-06-29T00:00:00Z,POG,0.0,0.0,0.0,0.0,0.0,0.0,2012,Hopi White,777.33
2012-07-07T00:00:00Z,CDG,0.0,0.0,0.0,0.0,0.0,0.0,2012,Hopi White,932.94
2012-07-07T00:00:00Z,KUG,0.0,0.0,0.0,0.0,0.0,0.0,2012,Hopi Blue,932.94
2012-07-07T00:00:00Z,PHG,0.0,0.0,0.0,0.0,0.0,0.0,2012,Hopi White,932.94
2012-07-07T00:00:00Z,PLC,0.0,0.0,0.0,0.0,0.0,0.0,2012,Hopi Blue,932.94
2012-07-07T00:00:00Z,POG,0.0,0.0,0.0,0.0,0.0,0.0,2012,Hopi White,932.94
2012-07-12T00:00:00Z,CDG,0.0,0.0,0.0,0.0,0.0,0.0,2012,Hopi White,1044.9
2012-07-12T00:00:00Z,KUG,0.0,0.0,0.0,0.0,0.0,0.0,2012,Hopi Blue,1044.9
2012-07-12T00:00:00Z,PHG,0.0,0.0,0.0,0.0,0.0,0.0,2012,Hopi White,1044.9
2012-07-12T00:00:00Z,PLC,0.0,0.0,0.0,0.0,0.0,0.0,2012,Hopi Blue,1044.9
2012-07-12T00:00:00Z,POG,0.0,0.0,0.0,0.0,0.0,0.0,2012,Hopi White,1044.9
2012-07-19T00:00:00Z,CDG,0.0,0.0,0.0,0.0,0.0,0.0,2012,Hopi White,1196.91
2012-07-19T00:00:00Z,KUG,0.0,0.0,0.0,0.0,0.0,0.0,2012,Hopi Blue,1196.91
2012-07-19T00:00:00Z,PHG,0.0,0.0,0.0,0.0,0.0,0.0,2012,Hopi White,1196.91
2012-07-19T00:00:00Z,PLC,0.0,0.0,0.0,0.0,0.0,0.0,2012,Hopi Blue,1196.91
2012-07-19T00:00:00Z,POG,0.0,0.0,0.0,0.0,0.0,0.0,2012,Hopi White,1196.91
2012-07-25T00:00:00Z,CDG,0.0,0.0,0.0,0.0,0.0,0.0,2012,Hopi White,1337.31
2012-07-25T00:00:00Z,PLC,0.0,0.0,0.0,0.0,0.0,0.0,2012,Hopi Blue,1337.31
2012-07-25T00:00:00Z,POG,0.0,0.0,0.0,0.0,0.0,0.0,2012,Hopi White,1337.31
2012-07-31T00:00:00Z,KUG,0.03125,0.0,0.0,0.0,0.0,0.0,2012,Hopi Blue,1473.8400000000001
2012-07-31T00:00:00Z,PHG,0.0,0.0,0.0,0.0,0.0,0.0,2012,Hopi White,1473.8400000000001
2012-08-02T00:00:00Z,CDG,0.0,0.0,0.0,0.0,0.0,0.0,2012,Hopi White,1495.3500000000001
2012-08-02T00:00:00Z,KUG,0.09375,0.03125,0.03125,0.0,0.0,0.0,2012,Hopi Blue,1495.3500000000001
2012-08-02T00:00:00Z,PHG,0.0,0.0,0.0,0.0,0.0,0.0,2012,Hopi White,1495.3500000000001
2012-08-02T00:00:00Z,PLC,0.0,0.0,0.0,0.0,0.0,0.0,2012,Hopi Blue,1495.3500000000001
2012-08-02T00:00:00Z,POG,0.0,0.0,0.0,0.0,0.0,0.0,2012,Hopi White,1495.3500000000001
2012-08-06T00:00:00Z,KUG,0.34375,0.3125,0.28125,0.1875,0.15625,0.03125,2012,Hopi Blue,1580.3100000000002
2012-08-06T00:00:00Z,PHG,0.0,0.0,0.0,0.0,0.0,0.0,2012,Hopi White,1580.3100000000002
2012-08-09T00:00:00Z,CDG,0.0,0.0,0.0,0.0,0.0,0.0,2012,Hopi White,1645.29
2012-08-09T00:00:00Z,KUG,0.34375,0.3125,0.28125,0.1875,0.15625,0.03125,2012,Hopi Blue,1645.29
2012-08-09T00:00:00Z,PHG,0.0,0.0,0.0,0.0,0.0,0.0,2012,Hopi White,1645.29
2012-08-09T00:00:00Z,PLC,0.0,0.0,0.0,0.0,0.0,0.0,2012,Hopi Blue,1645.29
2012-08-09T00:00:00Z,POG,0.0,0.0,0.0,0.0,0.0,0.0,2012,Hopi White,1645.29
2012-08-17T00:00:00Z,CDG,0.0,0.0,0.0,0.0,0.0,0.0,2012,Hopi White,1821.78
2012-08-17T00:00:00Z,KUG,0.34375,0.3125,0.28125,0.1875,0.15625,0.03125,2012,Hopi Blue,1821.78
2012-08-17T00:00:00Z,PHG,0.0,0.0,0.0,0.0,0.0,0.0,2012,Hopi White,1821.78
2012-08-17T00:00:00Z,PLC,0.0,0.0,0.0,0.0,0.0,0.0,2012,Hopi Blue,1821.78
2012-08-17T00:00:00Z,POG,0.0,0.0,0.0,0.0,0.0,0.0,2012,Hopi White,1821.78
2012-08-24T00:00:00Z,CDG,0.0,0.0,0.0,0.0,0.0,0.0,2012,Hopi White,1976.3100000000002
2012-08-24T00:00:00Z,KUG,0.34375,0.3125,0.28125,0.1875,0.15625,0.03125,2012,Hopi Blue,1976.3100000000002
2012-08-24T00:00:00Z,PHG,0.0,0.0,0.0,0.0,0.0,0.0,2012,Hopi White,1976.3100000000002
2012-08-24T00:00:00Z,PLC,0.0,0.0,0.0,0.0,0.0,0.0,2012,Hopi Blue,1976.3100000000002
2012-08-24T00:00:00Z,POG,0.0,0.0,0.0,0.0,0.0,0.0,2012,Hopi White,1976.3100000000002
2012-08-31T00:00:00Z,CDG,0.0,0.0,0.0,0.0,0.0,0.0,2012,Hopi White,2122.83
2012-08-31T00:00:00Z,KUG,0.34375,0.3125,0.28125,0.21875,0.1875,0.03125,2012,Hopi Blue,2122.83
2012-08-31T00:00:00Z,PHG,0.0,0.0,0.0,0.0,0.0,0.0,2012,Hopi White,2122.83
2012-08-31T00:00:00Z,PLC,0.0,0.0,0.0,0.0,0.0,0.0,2012,Hopi Blue,2122.83
2012-08-31T00:00:00Z,POG,0.0,0.0,0.0,0.0,0.0,0.0,2012,Hopi White,2122.83
2012-09-13T00:00:00Z,CDG,0.0,0.0,0.0,0.0,0.0,0.0,2012,Hopi White,2353.32
2012-09-13T00:00:00Z,KUG,0.34375,0.3125,0.28125,0.28125,0.28125,0.15625,2012,Hopi Blue,2353.32
2012-09-13T00:00:00Z,PHG,0.0,0.0,0.0,0.0,0.0,0.0,2012,Hopi White,2353.32
2012-09-13T00:00:00Z,PLC,0.0,0.0,0.0,0.0,0.0,0.0,2012,Hopi Blue,2353.32
2012-09-13T00:00:00Z,POG,0.0,0.0,0.0,0.0,0.0,0.0,2012,Hopi White,2353.32
2012-09-19T00:00:00Z,CDG,0.0,0.0,0.0,0.0,0.0,0.0,2012,Hopi White,2443.23
2012-09-19T00:00:00Z,KUG,0.34375,0.34375,0.28125,0.28125,0.28125,0.25,2012,Hopi Blue,2443.23
2012-09-19T00:00:00Z,PHG,0.0,0.0,0.0,0.0,0.0,0.0,2012,Hopi White,2443.23
2012-09-19T00:00:00Z,PLC,0.0,0.0,0.0,0.0,0.0,0.0,2012,Hopi Blue,2443.23
2012-09-19T00:00:00Z,POG,0.0,0.0,0.0,0.0,0.0,0.0,2012,Hopi White,2443.23
2012-09-27T00:00:00Z,CDG,0.047619047619047616,0.047619047619047616,0.0,0.0,0.0,0.0,2012,Hopi White,2566.17
2012-09-27T00:00:00Z,KUG,0.34375,0.34375,0.28125,0.28125,0.28125,0.25,2012,Hopi Blue,2566.17
2012-09-27T00:00:00Z,PHG,0.0,0.0,0.0,0.0,0.0,0.0,2012,Hopi White,2566.17
2012-09-27T00:00:00Z,PLC,0.0,0.0,0.0,0.0,0.0,0.0,2012,Hopi Blue,2566.17
2012-09-27T00:00:00Z,POG,0.0,0.0,0.0,0.0,0.0,0.0,2012,Hopi White,2566.17
2012-10-05T00:00:00Z,CDG,0.047619047619047616,0.047619047619047616,0.047619047619047616,0.0,0.0,0.0,2012,Hopi White,2666.79
2012-10-05T00:00:00Z,KUG,0.34375,0.34375,0.3125,0.28125,0.28125,0.25,2012,Hopi Blue,2666.79
2012-10-05T00:00:00Z,PHG,0.0,0.0,0.0,0.0,0.0,0.0,2012,Hopi White,2666.79
2012-10-05T00:00:00Z,PLC,0.0,0.0,0.0,0.0,0.0,0.0,2012,Hopi Blue,2666.79
2012-10-05T00:00:00Z,POG,0.0,0.0,0.0,0.0,0.0,0.0,2012,Hopi White,2666.79
2013-05-22T00:00:00Z,CDG,0.0,0.0,0.0,0.0,0.0,0.0,2013,Hopi White,8.459999999999999
2013-05-22T00:00:00Z,KUG,0.0,0.0,0.0,0.0,0.0,0.0,2013,Hopi Blue,8.459999999999999
2013-05-22T00:00:00Z,PHG,0.0,0.0,0.0,0.0,0.0,0.0,2013,Hopi Blue,8.459999999999999
2013-05-22T00:00:00Z,PLC,0.0,0.0,0.0,0.0,0.0,0.0,2013,Hopi Blue,8.459999999999999
2013-05-22T00:00:00Z,POG,0.0,0.0,0.0,0.0,0.0,0.0,2013,Hopi White,8.459999999999999
2013-06-04T00:00:00Z,CDG,0.0,0.0,0.0,0.0,0.0,0.0,2013,Hopi White,184.5
2013-06-04T00:00:00Z,KUG,0.0,0.0,0.0,0.0,0.0,0.0,2013,Hopi Blue,184.5
2013-06-04T00:00:00Z,PHG,0.0,0.0,0.0,0.0,0.0,0.0,2013,Hopi Blue,184.5
2013-06-04T00:00:00Z,PLC,0.0,0.0,0.0,0.0,0.0,0.0,2013,Hopi Blue,184.5
2013-06-04T00:00:00Z,POG,0.0,0.0,0.0,0.0,0.0,0.0,2013,Hopi White,184.5
2013-06-14T00:00:00Z,CDG,0.0,0.0,0.0,0.0,0.0,0.0,2013,Hopi White,372.51000000000005
2013-06-14T00:00:00Z,KUG,0.0,0.0,0.0,0.0,0.0,0.0,2013,Hopi Blue,372.51000000000005
2013-06-14T00:00:00Z,PHG,0.0,0.0,0.0,0.0,0.0,0.0,2013,Hopi Blue,372.51000000000005
2013-06-14T00:00:00Z,PLC,0.0,0.0,0.0,0.0,0.0,0.0,2013,Hopi Blue,372.51000000000005
2013-06-14T00:00:00Z,POG,0.0,0.0,0.0,0.0,0.0,0.0,2013,Hopi White,372.51000000000005
2013-06-19T00:00:00Z,CDG,0.0,0.0,0.0,0.0,0.0,0.0,2013,Hopi White,468.54
2013-06-19T00:00:00Z,KUG,0.0,0.0,0.0,0.0,0.0,0.0,2013,Hopi Blue,468.54
2013-06-19T00:00:00Z,PHG,0.0,0.0,0.0,0.0,0.0,0.0,2013,Hopi Blue,468.54
2013-06-19T00:00:00Z,PLC,0.0,0.0,0.0,0.0,0.0,0.0,2013,Hopi Blue,468.54
2013-06-19T00:00:00Z,POG,0.0,0.0,0.0,0.0,0.0,0.0,2013,Hopi White,468.54
2013-06-28T00:00:00Z,CDG,0.0,0.0,0.0,0.0,0.0,0.0,2013,Hopi White,634.14
2013-06-28T00:00:00Z,KUG,0.0,0.0,0.0,0.0,0.0,0.0,2013,Hopi Blue,634.14
2013-06-28T00:00:00Z,PHG,0.0,0.0,0.0,0.0,0.0,0.0,2013,Hopi Blue,634.14
2013-06-28T00:00:00Z,PLC,0.0,0.0,0.0,0.0,0.0,0.0,2013,Hopi Blue,634.14
2013-06-28T00:00:00Z,POG,0.0,0.0,0.0,0.0,0.0,0.0,2013,Hopi White,634.14
2013-07-05T00:00:00Z,CDG,0.0,0.0,0.0,0.0,0.0,0.0,2013,Hopi White,775.8000000000001
2013-07-05T00:00:00Z,KUG,0.0,0.0,0.0,0.0,0.0,0.0,2013,Hopi Blue,775.8000000000001
2013-07-05T00:00:00Z,PHG,0.0,0.0,0.0,0.0,0.0,0.0,2013,Hopi Blue,775.8000000000001
2013-07-05T00:00:00Z,PLC,0.0,0.0,0.0,0.0,0.0,0.0,2013,Hopi Blue,775.8000000000001
2013-07-05T00:00:00Z,POG,0.0,0.0,0.0,0.0,0.0,0.0,2013,Hopi White,775.8000000000001
2013-07-11T00:00:00Z,CDG,0.0,0.0,0.0,0.0,0.0,0.0,2013,Hopi White,919.35
2013-07-11T00:00:00Z,KUG,0.0,0.0,0.0,0.0,0.0,0.0,2013,Hopi Blue,919.35
2013-07-11T00:00:00Z,PHG,0.0,0.0,0.0,0.0,0.0,0.0,2013,Hopi Blue,919.35
2013-07-11T00:00:00Z,PLC,0.0,0.0,0.0,0.0,0.0,0.0,2013,Hopi Blue,919.35
2013-07-11T00:00:00Z,POG,0.0,0.0,0.0,0.0,0.0,0.0,2013,Hopi White,919.35
2013-07-18T00:00:00Z,CDG,0.0,0.0,0.0,0.0,0.0,0.0,2013,Hopi White,1083.8700000000001
2013-07-18T00:00:00Z,KUG,0.03225806451612903,0.03225806451612903,0.0,0.0,0.0,0.0,2013,Hopi Blue,1083.8700000000001
2013-07-18T00:00:00Z,PHG,0.0,0.0,0.0,0.0,0.0,0.0,2013,Hopi Blue,1083.8700000000001
2013-07-18T00:00:00Z,PLC,0.0,0.0,0.0,0.0,0.0,0.0,2013,Hopi Blue,1083.8700000000001
2013-07-18T00:00:00Z,POG,0.0,0.0,0.0,0.0,0.0,0.0,2013,Hopi White,1083.8700000000001
2013-07-26T00:00:00Z,CDG,0.2222222222222222,0.14814814814814814,0.0,0.0,0.0,0.0,2013,Hopi White,1267.92
2013-07-26T00:00:00Z,KUG,0.0967741935483871,0.03225806451612903,0.03225806451612903,0.0,0.0,0.0,2013,Hopi Blue,1267.92
2013-07-26T00:00:00Z,PHG,0.0,0.0,0.0,0.0,0.0,0.0,2013,Hopi Blue,1267.92
2013-07-26T00:00:00Z,PLC,0.0,0.0,0.0,0.0,0.0,0.0,2013,Hopi Blue,1267.92
2013-07-26T00:00:00Z,POG,0.0,0.0,0.0,0.0,0.0,0.0,2013,Hopi White,1267.92
2013-08-01T00:00:00Z,CDG,0.42857142857142855,0.35714285714285715,0.10714285714285714,0.0,0.0,0.0,2013,Hopi White,1382.94
2013-08-01T00:00:00Z,KUG,0.25806451612903225,0.0967741935483871,0.03225806451612903,0.0,0.0,0.0,2013,Hopi Blue,1382.94
2013-08-01T00:00:00Z,PHG,0.0,0.0,0.0,0.0,0.0,0.0,2013,Hopi Blue,1382.94
2013-08-01T00:00:00Z,PLC,0.0,0.0,0.0,0.0,0.0,0.0,2013,Hopi Blue,1382.94
2013-08-01T00:00:00Z,POG,0.0,0.0,0.0,0.0,0.0,0.0,2013,Hopi White,1382.94
2013-08-08T00:00:00Z,CDG,0.6296296296296297,0.5555555555555556,0.37037037037037035,0.37037037037037035,0.2222222222222222,0.0,2013,Hopi White,1544.13
2013-08-08T00:00:00Z,PLC,0.0,0.0,0.0,0.0,0.0,0.0,2013,Hopi Blue,1544.13
2013-08-08T00:00:00Z,POG,0.0,0.0,0.0,0.0,0.0,0.0,2013,Hopi White,1544.13
2013-08-09T00:00:00Z,KUG,0.41935483870967744,0.25806451612903225,0.0967741935483871,0.03225806451612903,0.03225806451612903,0.0,2013,Hopi Blue,1560.0600000000002
2013-08-09T00:00:00Z,PHG,0.0,0.0,0.0,0.0,0.0,0.0,2013,Hopi Blue,1560.0600000000002
2013-08-15T00:00:00Z,CDG,0.6666666666666666,0.6296296296296297,0.5555555555555556,0.4074074074074074,0.37037037037037035,0.0,2013,Hopi White,1670.0400000000002
2013-08-15T00:00:00Z,KUG,0.41935483870967744,0.3548387096774194,0.2903225806451613,0.03225806451612903,0.03225806451612903,0.0,2013,Hopi Blue,1670.0400000000002
2013-08-15T00:00:00Z,PHG,0.04,0.0,0.0,0.0,0.0,0.0,2013,Hopi Blue,1670.0400000000002
2013-08-15T00:00:00Z,PLC,0.29411764705882354,0.20588235294117646,0.0,0.0,0.0,0.0,2013,Hopi Blue,1670.0400000000002
2013-08-15T00:00:00Z,POG,0.12,0.04,0.0,0.0,0.0,0.0,2013,Hopi White,1670.0400000000002
2013-08-22T00:00:00Z,CDG,0.7037037037037037,0.6666666666666666,0.6666666666666666,0.5185185185185185,0.4074074074074074,0.0,2013,Hopi White,1818.45
2013-08-22T00:00:00Z,KUG,0.6129032258064516,0.4838709677419355,0.45161290322580644,0.1935483870967742,0.0967741935483871,0.03225806451612903,2013,Hopi Blue,1818.45
2013-08-22T00:00:00Z,PHG,0.04,0.0,0.0,0.0,0.0,0.0,2013,Hopi Blue,1818.45
2013-08-22T00:00:00Z,PLC,0.29411764705882354,0.23529411764705882,0.029411764705882353,0.0,0.0,0.0,2013,Hopi Blue,1818.45
2013-08-22T00:00:00Z,POG,0.24,0.08,0.0,0.0,0.0,0.0,2013,Hopi White,1818.45
2013-08-30T00:00:00Z,CDG,0.7777777777777778,0.7037037037037037,0.7037037037037037,0.7037037037037037,0.6296296296296297,0.2222222222222222,2013,Hopi White,1982.97
2013-08-30T00:00:00Z,KUG,0.6129032258064516,0.5483870967741935,0.5483870967741935,0.3870967741935484,0.25806451612903225,0.03225806451612903,2013,Hopi Blue,1982.97
2013-08-30T00:00:00Z,PHG,0.04,0.0,0.0,0.0,0.0,0.0,2013,Hopi Blue,1982.97
2013-08-30T00:00:00Z,PLC,0.4411764705882353,0.3235294117647059,0.2647058823529412,0.058823529411764705,0.029411764705882353,0.0,2013,Hopi Blue,1982.97
2013-08-30T00:00:00Z,POG,0.24,0.2,0.12,0.04,0.0,0.0,2013,Hopi White,1982.97
2013-09-06T00:00:00Z,CDG,0.8148148148148148,0.8148148148148148,0.8148148148148148,0.7777777777777778,0.6666666666666666,0.4074074074074074,2013,Hopi White,2121.03
2013-09-06T00:00:00Z,KUG,0.7419354838709677,0.5806451612903226,0.5483870967741935,0.5483870967741935,0.45161290322580644,0.1935483870967742,2013,Hopi Blue,2121.03
2013-09-06T00:00:00Z,PHG,0.08,0.0,0.0,0.0,0.0,0.0,2013,Hopi Blue,2121.03
2013-09-06T00:00:00Z,PLC,0.5294117647058824,0.4411764705882353,0.4117647058823529,0.38235294117647056,0.2647058823529412,0.0,2013,Hopi Blue,2121.03
2013-09-06T00:00:00Z,POG,0.32,0.28,0.28,0.28,0.12,0.0,2013,Hopi White,2121.03
2013-09-16T00:00:00Z,PHG,0.12,0.04,0.04,0.04,0.04,0.0,2013,Hopi Blue,2298.96
2013-09-16T00:00:00Z,PLC,0.6176470588235294,0.5,0.47058823529411764,0.4411764705882353,0.4411764705882353,0.029411764705882353,2013,Hopi Blue,2298.96
2013-09-16T00:00:00Z,POG,0.36,0.36,0.36,0.36,0.28,0.0,2013,Hopi White,2298.96
2013-09-18T00:00:00Z,CDG,0.8148148148148148,0.8148148148148148,0.8148148148148148,0.8148148148148148,0.7777777777777778,0.5925925925925926,2013,Hopi White,2330.46
2013-09-18T00:00:00Z,KUG,0.7741935483870968,0.7419354838709677,0.6451612903225806,0.6451612903225806,0.6129032258064516,0.2903225806451613,2013,Hopi Blue,2330.46
2013-09-27T00:00:00Z,CDG,0.8148148148148148,0.8148148148148148,0.8148148148148148,0.8148148148148148,0.8148148148148148,0.7037037037037037,2013,Hopi White,2455.65
2013-09-27T00:00:00Z,KUG,0.7741935483870968,0.7419354838709677,0.7419354838709677,0.7096774193548387,0.6129032258064516,0.45161290322580644,2013,Hopi Blue,2455.65
2013-09-27T00:00:00Z,PHG,0.12,0.08,0.08,0.04,0.04,0.0,2013,Hopi Blue,2455.65
2013-09-27T00:00:00Z,PLC,0.6176470588235294,0.6176470588235294,0.5588235294117647,0.5588235294117647,0.5294117647058824,0.35294117647058826,2013,Hopi Blue,2455.65
2013-09-27T00:00:00Z,POG,0.36,0.36,0.36,0.36,0.28,0.12,2013,Hopi White,2455.65
2014-05-22T00:00:00Z,CDG,0.0,0.0,0.0,0.0,0.0,0.0,2014,Hopi White,15.030000000000003
2014-05-22T00:00:00Z,KUG,0.0,0.0,0.0,0.0,0.0,0.0,2014,Hopi Blue,15.030000000000003
2014-05-22T00:00:00Z,PHG,0.0,0.0,0.0,0.0,0.0,0.0,2014,Hopi White,15.030000000000003
2014-05-22T00:00:00Z,PLC,0.0,0.0,0.0,0.0,0.0,0.0,2014,Hopi Blue,15.030000000000003
2014-05-22T00:00:00Z,POG,0.0,0.0,0.0,0.0,0.0,0.0,2014,Hopi White,15.030000000000003
2014-06-11T00:00:00Z,PLC,0.0,0.0,0.0,0.0,0.0,0.0,2014,Hopi Blue,313.83000000000004
2014-06-12T00:00:00Z,CDG,0.0,0.0,0.0,0.0,0.0,0.0,2014,Hopi White,333.81
2014-06-12T00:00:00Z,PHG,0.0,0.0,0.0,0.0,0.0,0.0,2014,Hopi White,333.81
2014-06-12T00:00:00Z,POG,0.0,0.0,0.0,0.0,0.0,0.0,2014,Hopi White,333.81
2014-06-13T00:00:00Z,KUG,0.0,0.0,0.0,0.0,0.0,0.0,2014,Hopi Blue,351.81
2014-06-19T00:00:00Z,CDG,0.0,0.0,0.0,0.0,0.0,0.0,2014,Hopi White,460.8
2014-06-19T00:00:00Z,KUG,0.0,0.0,0.0,0.0,0.0,0.0,2014,Hopi Blue,460.8
2014-06-19T00:00:00Z,PHG,0.0,0.0,0.0,0.0,0.0,0.0,2014,Hopi White,460.8
2014-06-19T00:00:00Z,PLC,0.0,0.0,0.0,0.0,0.0,0.0,2014,Hopi Blue,460.8
2014-06-19T00:00:00Z,POG,0.0,0.0,0.0,0.0,0.0,0.0,2014,Hopi White,460.8
2014-06-26T00:00:00Z,CDG,0.0,0.0,0.0,0.0,0.0,0.0,2014,Hopi White,583.83
2014-06-26T00:00:00Z,PLC,0.0,0.0,0.0,0.0,0.0,0.0,2014,Hopi Blue,583.83
2014-06-26T00:00:00Z,POG,0.0,0.0,0.0,0.0,0.0,0.0,2014,Hopi White,583.83
2014-06-27T00:00:00Z,KUG,0.0,0.0,0.0,0.0,0.0,0.0,2014,Hopi Blue,602.37
2014-06-27T00:00:00Z,PHG,0.0,0.0,0.0,0.0,0.0,0.0,2014,Hopi White,602.37
2014-07-04T00:00:00Z,CDG,0.0,0.0,0.0,0.0,0.0,0.0,2014,Hopi White,722.7900000000001
2014-07-04T00:00:00Z,KUG,0.0,0.0,0.0,0.0,0.0,0.0,2014,Hopi Blue,722.7900000000001
2014-07-04T00:00:00Z,PHG,0.0,0.0,0.0,0.0,0.0,0.0,2014,Hopi White,722.7900000000001
2014-07-04T00:00:00Z,PLC,0.0,0.0,0.0,0.0,0.0,0.0,2014,Hopi Blue,722.7900000000001
2014-07-04T00:00:00Z,POG,0.0,0.0,0.0,0.0,0.0,0.0,2014,Hopi White,722.7900000000001
2014-07-11T00:00:00Z,CDG,0.0,0.0,0.0,0.0,0.0,0.0,2014,Hopi White,876.33
2014-07-11T00:00:00Z,KUG,0.0,0.0,0.0,0.0,0.0,0.0,2014,Hopi Blue,876.33
2014-07-11T00:00:00Z,PHG,0.0,0.0,0.0,0.0,0.0,0.0,2014,Hopi White,876.33
2014-07-11T00:00:00Z,PLC,0.0,0.0,0.0,0.0,0.0,0.0,2014,Hopi Blue,876.33
2014-07-11T00:00:00Z,POG,0.0,0.0,0.0,0.0,0.0,0.0,2014,Hopi White,876.33
2014-07-18T00:00:00Z,CDG,0.0,0.0,0.0,0.0,0.0,0.0,2014,Hopi White,1040.94
2014-07-18T00:00:00Z,KUG,0.0,0.0,0.0,0.0,0.0,0.0,2014,Hopi Blue,1040.94
2014-07-18T00:00:00Z,PHG,0.0,0.0,0.0,0.0,0.0,0.0,2014,Hopi White,1040.94
2014-07-18T00:00:00Z,PLC,0.0,0.0,0.0,0.0,0.0,0.0,2014,Hopi Blue,1040.94
2014-07-18T00:00:00Z,POG,0.0,0.0,0.0,0.0,0.0,0.0,2014,Hopi White,1040.94
2014-07-24T00:00:00Z,KUG,0.06896551724137931,0.06896551724137931,0.034482758620689655,0.0,0.0,0.0,2014,Hopi Blue,1171.44
2014-07-24T00:00:00Z,PHG,0.0,0.0,0.0,0.0,0.0,0.0,2014,Hopi White,1171.44
2014-07-24T00:00:00Z,POG,0.0,0.0,0.0,0.0,0.0,0.0,2014,Hopi White,1171.44
2014-07-25T00:00:00Z,CDG,0.2,0.16,0.0,0.0,0.0,0.0,2014,Hopi White,1198.44
2014-07-25T00:00:00Z,PLC,0.0,0.0,0.0,0.0,0.0,0.0,2014,Hopi Blue,1198.44
2014-07-31T00:00:00Z,CDG,0.24,0.2,0.04,0.0,0.0,0.0,2014,Hopi White,1338.93
2014-07-31T00:00:00Z,KUG,0.06896551724137931,0.06896551724137931,0.034482758620689655,0.0,0.0,0.0,2014,Hopi Blue,1338.93
2014-07-31T00:00:00Z,PHG,0.0,0.0,0.0,0.0,0.0,0.0,2014,Hopi White,1338.93
2014-07-31T00:00:00Z,PLC,0.0,0.0,0.0,0.0,0.0,0.0,2014,Hopi Blue,1338.93
2014-07-31T00:00:00Z,POG,0.0,0.0,0.0,0.0,0.0,0.0,2014,Hopi White,1338.93
2014-08-07T00:00:00Z,CDG,0.24,0.2,0.12,0.04,0.04,0.0,2014,Hopi White,1471.95
2014-08-07T00:00:00Z,KUG,0.06896551724137931,0.06896551724137931,0.034482758620689655,0.0,0.0,0.0,2014,Hopi Blue,1471.95
2014-08-07T00:00:00Z,PHG,0.0,0.0,0.0,0.0,0.0,0.0,2014,Hopi White,1471.95
2014-08-07T00:00:00Z,POG,0.0,0.0,0.0,0.0,0.0,0.0,2014,Hopi White,1471.95
2014-08-15T00:00:00Z,CDG,0.28,0.24,0.24,0.16,0.12,0.0,2014,Hopi White,1641.5100000000002
2014-08-15T00:00:00Z,KUG,0.13793103448275862,0.13793103448275862,0.10344827586206896,0.0,0.0,0.0,2014,Hopi Blue,1641.5100000000002
2014-08-15T00:00:00Z,PHG,0.0,0.0,0.0,0.0,0.0,0.0,2014,Hopi White,1641.5100000000002
2014-08-15T00:00:00Z,PLC,0.0,0.0,0.0,0.0,0.0,0.0,2014,Hopi Blue,1641.5100000000002
2014-08-15T00:00:00Z,POG,0.0,0.0,0.0,0.0,0.0,0.0,2014,Hopi White,1641.5100000000002
2014-08-21T00:00:00Z,CDG,0.32,0.24,0.24,0.2,0.2,0.0,2014,Hopi White,1764.9
2014-08-21T00:00:00Z,KUG,0.13793103448275862,0.13793103448275862,0.13793103448275862,0.0,0.0,0.0,2014,Hopi Blue,1764.9
2014-08-21T00:00:00Z,PHG,0.0,0.0,0.0,0.0,0.0,0.0,2014,Hopi White,1764.9
2014-08-21T00:00:00Z,PLC,0.0,0.0,0.0,0.0,0.0,0.0,2014,Hopi Blue,1764.9
2014-08-21T00:00:00Z,POG,0.0,0.0,0.0,0.0,0.0,0.0,2014,Hopi White,1764.9
2014-08-28T00:00:00Z,CDG,0.4,0.32,0.24,0.2,0.2,0.0,2014,Hopi White,1883.43
2014-08-28T00:00:00Z,KUG,0.13793103448275862,0.13793103448275862,0.13793103448275862,0.06896551724137931,0.034482758620689655,0.0,2014,Hopi Blue,1883.43
2014-08-28T00:00:00Z,PHG,0.0,0.0,0.0,0.0,0.0,0.0,2014,Hopi White,1883.43
2014-08-28T00:00:00Z,PLC,0.0,0.0,0.0,0.0,0.0,0.0,2014,Hopi Blue,1883.43
2014-08-28T00:00:00Z,POG,0.0,0.0,0.0,0.0,0.0,0.0,2014,Hopi White,1883.43
2014-09-05T00:00:00Z,CDG,0.44,0.4,0.36,0.28,0.24,0.08,2014,Hopi White,2000.5200000000002
2014-09-05T00:00:00Z,KUG,0.1724137931034483,0.1724137931034483,0.1724137931034483,0.10344827586206896,0.10344827586206896,0.0,2014,Hopi Blue,2000.5200000000002
2014-09-05T00:00:00Z,PHG,0.0,0.0,0.0,0.0,0.0,0.0,2014,Hopi White,2000.5200000000002
2014-09-05T00:00:00Z,PLC,0.0,0.0,0.0,0.0,0.0,0.0,2014,Hopi Blue,2000.5200000000002
2014-09-05T00:00:00Z,POG,0.0,0.0,0.0,0.0,0.0,0.0,2014,Hopi White,2000.5200000000002
2014-09-12T00:00:00Z,CDG,0.44,0.4,0.4,0.36,0.28,0.2,2014,Hopi White,2107.53
2014-09-12T00:00:00Z,KUG,0.1724137931034483,0.1724137931034483,0.1724137931034483,0.10344827586206896,0.10344827586206896,0.034482758620689655,2014,Hopi Blue,2107.53
2014-09-12T00:00:00Z,PHG,0.0,0.0,0.0,0.0,0.0,0.0,2014,Hopi White,2107.53
2014-09-12T00:00:00Z,PLC,0.0,0.0,0.0,0.0,0.0,0.0,2014,Hopi Blue,2107.53
2014-09-12T00:00:00Z,POG,0.0,0.0,0.0,0.0,0.0,0.0,2014,Hopi White,2107.53
2014-09-18T00:00:00Z,CDG,0.48,0.48,0.44,0.4,0.36,0.2,2014,Hopi White,2213.1
2014-09-18T00:00:00Z,KUG,0.1724137931034483,0.1724137931034483,0.1724137931034483,0.13793103448275862,0.13793103448275862,0.06896551724137931,2014,Hopi Blue,2213.1
2014-09-18T00:00:00Z,PHG,0.0,0.0,0.0,0.0,0.0,0.0,2014,Hopi White,2213.1
2014-09-18T00:00:00Z,PLC,0.0,0.0,0.0,0.0,0.0,0.0,2014,Hopi Blue,2213.1
2014-09-18T00:00:00Z,POG,0.0,0.0,0.0,0.0,0.0,0.0,2014,Hopi White,2213.1
2014-09-28T00:00:00Z,CDG,0.52,0.52,0.52,0.48,0.48,0.24,2014,Hopi White,2393.1
2014-09-28T00:00:00Z,KUG,0.20689655172413793,0.20689655172413793,0.1724137931034483,0.13793103448275862,0.13793103448275862,0.10344827586206896,2014,Hopi Blue,2393.1
2014-09-28T00:00:00Z,PHG,0.0,0.0,0.0,0.0,0.0,0.0,2014,Hopi White,2393.1
2014-09-28T00:00:00Z,PLC,0.0,0.0,0.0,0.0,0.0,0.0,2014,Hopi Blue,2393.1
2014-09-28T00:00:00Z,POG,0.05,0.05,0.0,0.0,0.0,0.0,2014,Hopi White,2393.1
2015-05-20T00:00:00Z,MCG,0.0,0.0,0.0,0.0,0.0,0.0,2015,Hopi Blue,10.980000000000002
2015-05-21T00:00:00Z,CDG,0.0,0.0,0.0,0.0,0.0,0.0,2015,Hopi White,6.029999999999999
2015-05-21T00:00:00Z,KUG,0.0,0.0,0.0,0.0,0.0,0.0,2015,Hopi Blue,6.029999999999999
2015-05-21T00:00:00Z,PLC,0.0,0.0,0.0,0.0,0.0,0.0,2015,Hopi Blue,6.029999999999999
2015-05-21T00:00:00Z,POG,0.0,0.0,0.0,0.0,0.0,0.0,2015,Hopi White,6.029999999999999
2015-06-18T00:00:00Z,CDG,0.0,0.0,0.0,0.0,0.0,0.0,2015,Hopi White,365.67
2015-06-19T00:00:00Z,KUG,0.0,0.0,0.0,0.0,0.0,0.0,2015,Hopi Blue,383.67
2015-06-19T00:00:00Z,PLC,0.0,0.0,0.0,0.0,0.0,0.0,2015,Hopi Blue,383.67
2015-06-19T00:00:00Z,POG,0.0,0.0,0.0,0.0,0.0,0.0,2015,Hopi White,383.67
2015-06-25T00:00:00Z,CDG,0.0,0.0,0.0,0.0,0.0,0.0,2015,Hopi White,504.09000000000003
2015-06-25T00:00:00Z,PLC,0.0,0.0,0.0,0.0,0.0,0.0,2015,Hopi Blue,504.09000000000003
2015-06-25T00:00:00Z,POG,0.0,0.0,0.0,0.0,0.0,0.0,2015,Hopi White,504.09000000000003
2015-06-26T00:00:00Z,KUG,0.0,0.0,0.0,0.0,0.0,0.0,2015,Hopi Blue,524.61
2015-07-02T00:00:00Z,CDG,0.0,0.0,0.0,0.0,0.0,0.0,2015,Hopi White,639.09
2015-07-02T00:00:00Z,KUG,0.0,0.0,0.0,0.0,0.0,0.0,2015,Hopi Blue,639.09
2015-07-02T00:00:00Z,PLC,0.0,0.0,0.0,0.0,0.0,0.0,2015,Hopi Blue,639.09
2015-07-02T00:00:00Z,POG,0.0,0.0,0.0,0.0,0.0,0.0,2015,Hopi White,639.09
2015-07-05T00:00:00Z,MCG,0.92,0.84,0.08,0.08,0.0,0.0,2015,Hopi Blue,720.0450000000001
2015-07-09T00:00:00Z,CDG,0.0,0.0,0.0,0.0,0.0,0.0,2015,Hopi White,787.5450000000001
2015-07-09T00:00:00Z,KUG,0.0,0.0,0.0,0.0,0.0,0.0,2015,Hopi Blue,787.5450000000001
2015-07-09T00:00:00Z,PLC,0.0,0.0,0.0,0.0,0.0,0.0,2015,Hopi Blue,787.5450000000001
2015-07-09T00:00:00Z,POG,0.0,0.0,0.0,0.0,0.0,0.0,2015,Hopi White,787.5450000000001
2015-07-16T00:00:00Z,CDG,0.02127659574468085,0.0,0.0,0.0,0.0,0.0,2015,Hopi White,917.4150000000001
2015-07-16T00:00:00Z,KUG,0.05555555555555555,0.0,0.0,0.0,0.0,0.0,2015,Hopi Blue,917.4150000000001
2015-07-16T00:00:00Z,PLC,0.4,0.06666666666666667,0.0,0.0,0.0,0.0,2015,Hopi Blue,917.4150000000001
2015-07-16T00:00:00Z,POG,0.0,0.0,0.0,0.0,0.0,0.0,2015,Hopi White,917.4150000000001
2015-07-23T00:00:00Z,CDG,0.2765957446808511,0.2127659574468085,0.0,0.0,0.0,0.0,2015,Hopi White,1049.9850000000001
2015-07-23T00:00:00Z,KUG,0.3888888888888889,0.2222222222222222,0.0,0.0,0.0,0.0,2015,Hopi Blue,1049.9850000000001
2015-07-23T00:00:00Z,PLC,0.8666666666666667,0.6,0.06666666666666667,0.0,0.0,0.0,2015,Hopi Blue,1049.9850000000001
2015-07-23T00:00:00Z,POG,0.3,0.0,0.0,0.0,0.0,0.0,2015,Hopi White,1049.9850000000001
2015-07-30T00:00:00Z,CDG,0.6595744680851063,0.574468085106383,0.1276595744680851,0.06382978723404255,0.0425531914893617,0.0,2015,Hopi White,1193.535
2015-07-30T00:00:00Z,KUG,0.5833333333333334,0.5555555555555556,0.3611111111111111,0.2222222222222222,0.05555555555555555,0.0,2015,Hopi Blue,1193.535
2015-07-30T00:00:00Z,PLC,0.9666666666666667,0.8666666666666667,0.7333333333333333,0.3333333333333333,0.13333333333333333,0.0,2015,Hopi Blue,1193.535
2015-07-30T00:00:00Z,POG,0.65,0.6,0.05,0.05,0.0,0.0,2015,Hopi White,1193.535
2015-08-06T00:00:00Z,CDG,0.9574468085106383,0.9574468085106383,0.6595744680851063,0.5531914893617021,0.425531914893617,0.0,2015,Hopi White,1314.585
2015-08-06T00:00:00Z,KUG,0.7777777777777778,0.75,0.7222222222222222,0.3888888888888889,0.2222222222222222,0.0,2015,Hopi Blue,1314.585
2015-08-06T00:00:00Z,PLC,1.0,0.9666666666666667,0.9666666666666667,0.8333333333333334,0.7666666666666667,0.0,2015,Hopi Blue,1314.585
2015-08-06T00:00:00Z,POG,0.95,0.9,0.6,0.55,0.3,0.0,2015,Hopi White,1314.585
2015-08-13T00:00:00Z,CDG,0.9787234042553191,0.9787234042553191,0.9361702127659575,0.8085106382978723,0.8085106382978723,0.0,2015,Hopi White,1461.105
2015-08-13T00:00:00Z,KUG,0.8611111111111112,0.8611111111111112,0.8055555555555556,0.6388888888888888,0.5833333333333334,0.0,2015,Hopi Blue,1461.105
2015-08-13T00:00:00Z,PLC,1.0,0.9666666666666667,0.9666666666666667,0.8666666666666667,0.8666666666666667,0.0,2015,Hopi Blue,1461.105
2015-08-13T00:00:00Z,POG,0.95,0.95,0.9,0.75,0.7,0.0,2015,Hopi White,1461.105
2015-08-20T00:00:00Z,CDG,0.9787234042553191,0.9787234042553191,0.9787234042553191,0.8936170212765957,0.8723404255319149,0.10638297872340426,2015,Hopi White,1609.065
2015-08-20T00:00:00Z,KUG,0.8611111111111112,0.8611111111111112,0.8611111111111112,0.6666666666666666,0.5833333333333334,0.027777777777777776,2015,Hopi Blue,1609.065
2015-08-20T00:00:00Z,PLC,1.0,1.0,1.0,0.9333333333333333,0.9333333333333333,0.16666666666666666,2015,Hopi Blue,1609.065
2015-08-20T00:00:00Z,POG,0.95,0.95,0.95,0.85,0.85,0.0,2015,Hopi White,1609.065
2015-08-27T00:00:00Z,CDG,0.9787234042553191,0.9787234042553191,0.9787234042553191,0.8936170212765957,0.8723404255319149,0.1702127659574468,2015,Hopi White,1753.065
2015-08-27T00:00:00Z,KUG,0.8888888888888888,0.8888888888888888,0.8888888888888888,0.75,0.7222222222222222,0.08333333333333333,2015,Hopi Blue,1753.065
2015-08-27T00:00:00Z,MCG,1.0,1.0,1.0,1.0,0.96,0.0,2015,Hopi Blue,1764.045
2015-08-27T00:00:00Z,PLC,1.0,1.0,1.0,0.9333333333333333,0.9333333333333333,0.3,2015,Hopi Blue,1753.065
2015-08-28T00:00:00Z,POG,0.95,0.95,0.95,0.95,0.95,0.05,2015,Hopi White,1770.075
2015-09-03T00:00:00Z,CDG,0.9787234042553191,0.9787234042553191,0.9787234042553191,0.9148936170212766,0.8936170212765957,0.40425531914893614,2015,Hopi White,1870.515
2015-09-03T00:00:00Z,KUG,0.8888888888888888,0.8888888888888888,0.8888888888888888,0.7777777777777778,0.7777777777777778,0.5833333333333334,2015,Hopi Blue,1870.515
2015-09-03T00:00:00Z,PLC,1.0,1.0,1.0,0.9333333333333333,0.9333333333333333,0.5666666666666667,2015,Hopi Blue,1870.515
2015-09-03T00:00:00Z,POG,0.95,0.95,0.95,0.95,0.95,0.8,2015,Hopi White,1870.515
2015-09-10T00:00:00Z,CDG,0.9787234042553191,0.9787234042553191,0.9787234042553191,0.9148936170212766,0.8936170212765957,0.7021276595744681,2015,Hopi White,1995.525
2015-09-10T00:00:00Z,KUG,0.8888888888888888,0.8888888888888888,0.8888888888888888,0.7777777777777778,0.7777777777777778,0.6666666666666666,2015,Hopi Blue,1995.525
2015-09-10T00:00:00Z,PLC,1.0,1.0,1.0,0.9333333333333333,0.9333333333333333,0.7333333333333333,2015,Hopi Blue,1995.525
2015-09-10T00:00:00Z,POG,0.95,0.95,0.95,0.95,0.95,0.95,2015,Hopi White,1995.525
2015-09-16T00:00:00Z,CDG,0.9787234042553191,0.9787234042553191,0.9787234042553191,0.9148936170212766,0.9148936170212766,0.8723404255319149,2015,Hopi White,2102.535
2015-09-16T00:00:00Z,KUG,0.8888888888888888,0.8888888888888888,0.8888888888888888,0.7777777777777778,0.7777777777777778,0.7222222222222222,2015,Hopi Blue,2102.535
2015-09-16T00:00:00Z,PLC,1.0,1.0,1.0,0.9333333333333333,0.9333333333333333,0.8333333333333334,2015,Hopi Blue,2102.535
2015-09-16T00:00:00Z,POG,0.95,0.95,0.95,0.95,0.95,0.95,2015,Hopi White,2102.535
2015-09-17T00:00:00Z,MCG,0.9615384615384616,0.9615384615384616,0.9615384615384616,0.9615384615384616,0.9615384615384616,0.8846153846153846,2015,Hopi Blue,2129.535
2016-05-24T00:00:00Z,MCG,0.0,0.0,0.0,0.0,0.0,0.0,2016,Hopi Blue,10.53
2016-05-25T00:00:00Z,CDG,0.0,0.0,0.0,0.0,0.0,0.0,2016,Hopi White,11.519999999999998
2016-05-25T00:00:00Z,KUG,0.0,0.0,0.0,0.0,0.0,0.0,2016,Hopi Blue,11.519999999999998
2016-05-25T00:00:00Z,PLC,0.0,0.0,0.0,0.0,0.0,0.0,2016,Hopi Blue,11.519999999999998
2016-05-25T00:00:00Z,POG,0.0,0.0,0.0,0.0,0.0,0.0,2016,Hopi White,11.519999999999998
2016-06-08T00:00:00Z,CDG,0.0,0.0,0.0,0.0,0.0,0.0,2016,Hopi White,215.55
2016-06-08T00:00:00Z,KUG,0.0,0.0,0.0,0.0,0.0,0.0,2016,Hopi Blue,215.55
2016-06-08T00:00:00Z,PLC,0.0,0.0,0.0,0.0,0.0,0.0,2016,Hopi Blue,215.55
2016-06-08T00:00:00Z,POG,0.0,0.0,0.0,0.0,0.0,0.0,2016,Hopi White,215.55
2016-06-15T00:00:00Z,CDG,0.0,0.0,0.0,0.0,0.0,0.0,2016,Hopi White,350.1
2016-06-15T00:00:00Z,KUG,0.0,0.0,0.0,0.0,0.0,0.0,2016,Hopi Blue,350.1
2016-06-15T00:00:00Z,PLC,0.0,0.0,0.0,0.0,0.0,0.0,2016,Hopi Blue,350.1
2016-06-15T00:00:00Z,POG,0.0,0.0,0.0,0.0,0.0,0.0,2016,Hopi White,350.1
2016-06-23T00:00:00Z,CDG,0.0,0.0,0.0,0.0,0.0,0.0,2016,Hopi White,509.58
2016-06-23T00:00:00Z,KUG,0.0,0.0,0.0,0.0,0.0,0.0,2016,Hopi Blue,509.58
2016-06-23T00:00:00Z,PLC,0.0,0.0,0.0,0.0,0.0,0.0,2016,Hopi Blue,509.58
2016-06-23T00:00:00Z,POG,0.0,0.0,0.0,0.0,0.0,0.0,2016,Hopi White,509.58
2016-06-30T00:00:00Z,CDG,0.0,0.0,0.0,0.0,0.0,0.0,2016,Hopi White,670.0500000000001
2016-06-30T00:00:00Z,PLC,0.0,0.0,0.0,0.0,0.0,0.0,2016,Hopi Blue,670.0500000000001
2016-06-30T00:00:00Z,POG,0.0,0.0,0.0,0.0,0.0,0.0,2016,Hopi White,670.0500000000001
2016-07-07T00:00:00Z,CDG,0.0,0.0,0.0,0.0,0.0,0.0,2016,Hopi White,776.7
2016-07-07T00:00:00Z,KUG,0.0,0.0,0.0,0.0,0.0,0.0,2016,Hopi Blue,776.7
2016-07-07T00:00:00Z,MCG,0.0,0.0,0.0,0.0,0.0,0.0,2016,Hopi Blue,787.23
2016-07-07T00:00:00Z,PLC,0.0,0.0,0.0,0.0,0.0,0.0,2016,Hopi Blue,776.7
2016-07-07T00:00:00Z,POG,0.0,0.0,0.0,0.0,0.0,0.0,2016,Hopi White,776.7
2016-07-14T00:00:00Z,CDG,0.0,0.0,0.0,0.0,0.0,0.0,2016,Hopi White,914.22
2016-07-14T00:00:00Z,KUG,0.0,0.0,0.0,0.0,0.0,0.0,2016,Hopi Blue,914.22
2016-07-14T00:00:00Z,PLC,0.03571428571428571,0.03571428571428571,0.0,0.0,0.0,0.0,2016,Hopi Blue,914.22
2016-07-14T00:00:00Z,POG,0.0,0.0,0.0,0.0,0.0,0.0,2016,Hopi White,914.22
2016-07-22T00:00:00Z,CDG,0.23529411764705882,0.11764705882352941,0.0,0.0,0.0,0.0,2016,Hopi White,1082.16
2016-07-22T00:00:00Z,KUG,0.0,0.0,0.0,0.0,0.0,0.0,2016,Hopi Blue,1082.16
2016-07-22T00:00:00Z,MCG,0.0,0.0,0.0,0.0,0.0,0.0,2016,Hopi Blue,1092.69
2016-07-22T00:00:00Z,PLC,0.07142857142857142,0.03571428571428571,0.03571428571428571,0.0,0.0,0.0,2016,Hopi Blue,1082.16
2016-07-22T00:00:00Z,POG,0.0,0.0,0.0,0.0,0.0,0.0,2016,Hopi White,1082.16
2016-07-28T00:00:00Z,CDG,0.5588235294117647,0.4411764705882353,0.0,0.0,0.0,0.0,2016,Hopi White,1222.1100000000001
2016-07-28T00:00:00Z,KUG,0.17391304347826086,0.08695652173913043,0.0,0.0,0.0,0.0,2016,Hopi Blue,1222.1100000000001
2016-07-28T00:00:00Z,PLC,0.14285714285714285,0.07142857142857142,0.03571428571428571,0.03571428571428571,0.03571428571428571,0.0,2016,Hopi Blue,1222.1100000000001
2016-07-28T00:00:00Z,POG,0.04,0.0,0.0,0.0,0.0,0.0,2016,Hopi White,1222.1100000000001
2016-07-30T00:00:00Z,KUG,0.17391304347826086,0.08695652173913043,0.0,0.0,0.0,0.0,2016,Hopi Blue,1267.1100000000001
2016-08-03T00:00:00Z,CDG,0.8823529411764706,0.7647058823529411,0.38235294117647056,0.35294117647058826,0.11764705882352941,0.0,2016,Hopi White,1336.14
2016-08-03T00:00:00Z,KUG,0.34782608695652173,0.34782608695652173,0.13043478260869565,0.08695652173913043,0.0,0.0,2016,Hopi Blue,1336.14
2016-08-03T00:00:00Z,MCG,0.7608695652173914,0.43478260869565216,0.0,0.0,0.0,0.0,2016,Hopi Blue,1346.67
2016-08-03T00:00:00Z,PLC,0.25,0.21428571428571427,0.10714285714285714,0.07142857142857142,0.03571428571428571,0.0,2016,Hopi Blue,1336.14
2016-08-03T00:00:00Z,POG,0.36,0.08,0.0,0.0,0.0,0.0,2016,Hopi White,1336.14
2016-08-11T00:00:00Z,CDG,1.0,0.9411764705882353,0.8529411764705882,0.7647058823529411,0.6764705882352942,0.0,2016,Hopi White,1507.14
2016-08-11T00:00:00Z,KUG,0.6521739130434783,0.34782608695652173,0.34782608695652173,0.21739130434782608,0.13043478260869565,0.0,2016,Hopi Blue,1507.14
2016-08-11T00:00:00Z,MCG,0.7608695652173914,0.7608695652173914,0.7608695652173914,0.7608695652173914,0.1956521739130435,0.0,2016,Hopi Blue,1517.67
2016-08-11T00:00:00Z,PLC,0.8214285714285714,0.6071428571428571,0.35714285714285715,0.17857142857142858,0.14285714285714285,0.0,2016,Hopi Blue,1507.14
2016-08-11T00:00:00Z,POG,0.64,0.44,0.08,0.08,0.0,0.0,2016,Hopi White,1507.14
2016-08-18T00:00:00Z,CDG,1.0,1.0,1.0,1.0,0.9705882352941176,0.38235294117647056,2016,Hopi White,1647.63
2016-08-18T00:00:00Z,PLC,0.8928571428571429,0.8928571428571429,0.6785714285714286,0.6428571428571429,0.42857142857142855,0.03571428571428571,2016,Hopi Blue,1647.63
2016-08-18T00:00:00Z,POG,0.84,0.68,0.44,0.28,0.2,0.0,2016,Hopi White,1647.63
2016-08-19T00:00:00Z,KUG,0.6956521739130435,0.6956521739130435,0.6086956521739131,0.391304347826087,0.30434782608695654,0.043478260869565216,2016,Hopi Blue,1667.6100000000001
2016-08-19T00:00:00Z,MCG,0.7608695652173914,0.7608695652173914,0.7608695652173914,0.7608695652173914,0.6956521739130435,0.0,2016,Hopi Blue,1678.14
2016-08-25T00:00:00Z,CDG,1.0,1.0,1.0,1.0,1.0,0.5588235294117647,2016,Hopi White,1774.0800000000002
2016-08-25T00:00:00Z,KUG,0.782608695652174,0.6956521739130435,0.6956521739130435,0.43478260869565216,0.34782608695652173,0.2608695652173913,2016,Hopi Blue,1774.0800000000002
2016-08-25T00:00:00Z,PLC,0.9642857142857143,0.9285714285714286,0.8928571428571429,0.8571428571428571,0.75,0.14285714285714285,2016,Hopi Blue,1774.0800000000002
2016-08-25T00:00:00Z,POG,0.96,0.88,0.72,0.64,0.44,0.0,2016,Hopi White,1774.0800000000002
2016-08-26T00:00:00Z,MCG,0.7608695652173914,0.7608695652173914,0.7608695652173914,0.7608695652173914,0.7391304347826086,0.0,2016,Hopi Blue,1798.65
2016-09-01T00:00:00Z,CDG,1.0,1.0,1.0,1.0,1.0,0.8823529411764706,2016,Hopi White,1859.13
2016-09-01T00:00:00Z,KUG,0.8260869565217391,0.782608695652174,0.6956521739130435,0.6521739130434783,0.5217391304347826,0.2608695652173913,2016,Hopi Blue,1859.13
2016-09-01T00:00:00Z,PLC,1.0,1.0,1.0,1.0,0.8928571428571429,0.39285714285714285,2016,Hopi Blue,1859.13
2016-09-01T00:00:00Z,POG,0.96,0.92,0.88,0.88,0.68,0.08,2016,Hopi White,1859.13
2016-09-02T00:00:00Z,MCG,0.7608695652173914,0.7608695652173914,0.7608695652173914,0.7608695652173914,0.7608695652173914,0.0,2016,Hopi Blue,1890.18
2016-09-07T00:00:00Z,CDG,1.0,1.0,1.0,1.0,1.0,0.9705882352941176,2016,Hopi White,1973.16
2016-09-07T00:00:00Z,KUG,0.8260869565217391,0.8260869565217391,0.8260869565217391,0.6956521739130435,0.6956521739130435,0.34782608695652173,2016,Hopi Blue,1973.16
2016-09-07T00:00:00Z,PLC,1.0,1.0,1.0,1.0,0.8928571428571429,0.6428571428571429,2016,Hopi Blue,1973.16
2016-09-07T00:00:00Z,POG,0.96,0.96,0.92,0.92,0.88,0.16,2016,Hopi White,1973.16
2016-09-09T00:00:00Z,MCG,0.7608695652173914,0.7608695652173914,0.7608695652173914,0.7608695652173914,0.7608695652173914,0.7608695652173914,2016,Hopi Blue,2016.72
